author_name,email,first_name,book_title,book_topic,personalization_detail,personalization_reason,personalized_opening,subject_line,email_body,research_sources,research_confidence,personalization_status,send_status,date_sent,country,region,city_searched,location_evidence,language,amazon_marketplace,amazon_author_url,amazon_author_id,asins_isbns,pen_names_aliases,official_website,social_profiles,evidence_type,email_attribution_note,publishing_label,dedupe_key,batch_id,date_checked,notes
Marcoos Tyrell,coosybooksempire@gmail.com,Marcoos,Murder On My Mind,church drama and suspense novel series,"Murder On My Mind follows Fanya, first lady of Glamour Woods Baptist, as blackmail and hidden secrets about her bishop husband push the church into chaos; it grew into a series (incl. The Conspiracy). He also wrote Through The Eyes Of A Preacher.",Long-running series and a consistent faith-and-drama niche make a strong spotlight angle about building a readership in that genre.,"I came across Murder On My Mind on Amazon, and the premise, a church first lady pushed to the edge as secrets about her bishop husband come to light, stood out right away. It's great to see it grow into a full series.",Author Spotlight invitation: Murder On My Mind,"Hi Marcoos,

I came across Murder On My Mind on Amazon, and the premise, a church first lady pushed to the edge as secrets about her bishop husband come to light, stood out right away. It's great to see it grow into a full series.

I'd like to invite you to be featured in an Author Spotlight on The Author Ledger. The feature would showcase your journey as an author, the inspiration behind Murder On My Mind, and the ideas that make your work distinctive.

A spotlight can help you:
- Introduce Murder On My Mind to a wider audience of readers
- Strengthen your credibility and visibility as an author
- Build your author brand and online presence
- Increase awareness and exposure for your book

Our team takes care of the entire process, so it's simple and convenient from start to finish.

If you're interested, just reply to this email and I'll send over the details and next steps.

Warm regards,
James
[ADD SENDER_TITLE], The Author Ledger
[ADD WEBSITE]

--
I found your contact email on your Amazon author page. If you'd prefer not to hear from us, reply ""unsubscribe"" and we won't contact you again.
The Author Ledger · [ADD POSTAL_ADDRESS] · Privacy: [ADD PRIVACY_URL]",https://www.amazon.com/stores/author/B00JC3J89A | https://www.amazon.com/Murder-My-Mind-Marcoos-Tyrell/dp/1514451948 | https://www.goodreads.com/author/show/6853873.Marcoos_Tyrell,Low,Needs review,Not sent,,United States,Alabama,Birmingham,"birthplace (Birmingham, AL) per Amazon bio; Facebook profile also lists Birmingham as current city",EN,amazon.com,https://www.amazon.com/stores/author/B00JC3J89A,B00JC3J89A,9781514451946; 9781791959739; 9781790977413; 9781790935987,,,https://www.facebook.com/marcoos.tyrell.3/,amazon_snippet_unverified,Search snippet of Amazon author page bio gives the email as the author's contact; exact-email search returns the same author page and his book listings.,Likely independent/KDP,B00JC3J89A,US-AL-001,2026-09-25,Some titles in catalogue are adult-themed; personalization uses Murder On My Mind.
Dargan Ware,authordarganware@gmail.com,Dargan,The Legend of Colgan Toomey,literary novel of small-town Alabama and Texas music,"The Legend of Colgan Toomey weaves together small-town Alabama, Texas music and the Salvadoran Civil War; a follow-up, The Legacy of Colgan Toomey, is now on Amazon. Bio: poet, novelist and consumer protection attorney.","Unusual story mix, a new sequel, and a lawyer-turned-novelist background give an easy, engaging feature hook.","I came across The Legend of Colgan Toomey on Amazon. A novel that ties together small-town Alabama, Texas music and the Salvadoran Civil War is not a combination readers see every day, and it's great to see the story continue in The Legacy of Colgan Toomey.",Author Spotlight invitation: Colgan Toomey,"Hi Dargan,

I came across The Legend of Colgan Toomey on Amazon. A novel that ties together small-town Alabama, Texas music and the Salvadoran Civil War is not a combination readers see every day, and it's great to see the story continue in The Legacy of Colgan Toomey.

I'd like to invite you to be featured in an Author Spotlight on The Author Ledger. The feature would showcase your journey as an author, the inspiration behind The Legend of Colgan Toomey, and the ideas that make your work distinctive.

A spotlight can help you:
- Introduce The Legend of Colgan Toomey to a wider audience of readers
- Strengthen your credibility and visibility as an author
- Build your author brand and online presence
- Increase awareness and exposure for your book

Our team takes care of the entire process, so it's simple and convenient from start to finish.

If you're interested, just reply to this email and I'll send over the details and next steps.

Warm regards,
James
[ADD SENDER_TITLE], The Author Ledger
[ADD WEBSITE]

--
I found your contact email on your Amazon author page. If you'd prefer not to hear from us, reply ""unsubscribe"" and we won't contact you again.
The Author Ledger · [ADD POSTAL_ADDRESS] · Privacy: [ADD PRIVACY_URL]",https://www.amazon.com/stores/author/B08477B3Q9/about | https://www.amazon.com/Legend-Colgan-Toomey-Dargan-Ware/dp/1096681153 | https://www.readersmagnet.club/the-legend-of-colgan-toomey-by-dargan-ware/ | https://newsaegis.com/community/roadie-truck-driver-lawyer-author/article_5b30c76c-bac7-11e9-bb4f-5fe512128b53.html,Low,Needs review,Not sent,,United States,Alabama,Birmingham,"current residence (Birmingham, AL) per Amazon bio",EN,amazon.com,https://www.amazon.com/stores/author/B08477B3Q9,B08477B3Q9,9781096681151; B07V65G33J; B0GWQPQ42S; B085HDRQ2P,,,,amazon_snippet_unverified,"Exact-email search returns his Amazon author page, the ReadersMagnet author feature and a local news profile; all describe the same Birmingham poet/novelist.",Likely independent/KDP,B08477B3Q9,US-AL-001,2026-09-25,
Jatoria Crews,authorjatoriac@yahoo.com,Jatoria,Raven and Her Magical Friends,children's picture book about friendship and magic,Writes both a children's book (Raven and Her Magical Friends) and indie urban fiction; bio describes 'Southern charm and dark contemporary urban flair'. Member of UBAWA; describes herself as a National Best-Selling Author.,Writing across children's books and urban fiction is a distinctive range worth featuring.,"I came across your Amazon author page and was struck by the range of your work, from Raven and Her Magical Friends for young readers to urban fiction with, as your bio puts it, Southern charm and a dark contemporary edge.",Author Spotlight invitation for Jatoria Crews,"Hi Jatoria,

I came across your Amazon author page and was struck by the range of your work, from Raven and Her Magical Friends for young readers to urban fiction with, as your bio puts it, Southern charm and a dark contemporary edge.

I'd like to invite you to be featured in an Author Spotlight on The Author Ledger. The feature would showcase your journey as an author, the inspiration behind Raven and Her Magical Friends, and the ideas that make your work distinctive.

A spotlight can help you:
- Introduce Raven and Her Magical Friends to a wider audience of readers
- Strengthen your credibility and visibility as an author
- Build your author brand and online presence
- Increase awareness and exposure for your book

Our team takes care of the entire process, so it's simple and convenient from start to finish.

If you're interested, just reply to this email and I'll send over the details and next steps.

Warm regards,
James
[ADD SENDER_TITLE], The Author Ledger
[ADD WEBSITE]

--
I found your contact email on your Amazon author page. If you'd prefer not to hear from us, reply ""unsubscribe"" and we won't contact you again.
The Author Ledger · [ADD POSTAL_ADDRESS] · Privacy: [ADD PRIVACY_URL]",https://www.amazon.com/stores/Jatoria-Crews/author/B09JSWRXXV | https://us.amazon.com/Raven-Magical-Friends-Jatoria-Crews/dp/0578313022 | https://authorjatoriac.com/ | https://www.ubawa.org/news/meet-jatoria-crews-gallatin-tennessee,Low,Needs review,Not sent,,United States,Tennessee,Alabama (statewide yahoo.com query),"birthplace: small town in Alabama (per Amazon bio); current residence Tennessee per UBAWA profile titled Gallatin, Tennessee",EN,amazon.com,https://www.amazon.com/stores/author/B09JSWRXXV | https://www.amazon.com/stores/author/B0CN69JKR3,B09JSWRXXV,9780578313023,Jatoria C.; Jatoria M. Crews; Author Tora,https://authorjatoriac.com/,https://www.facebook.com/author.jatoria.crews/,amazon_snippet_unverified,"Exact-email search returns her Amazon author page, her book listing and her official site authorjatoriac.com (domain matches the email handle).",Likely independent/KDP,B09JSWRXXV,US-AL-001,2026-09-25,Second Amazon author page 'Jatoria C.' (B0CN69JKR3) is the same author; do not add separately. Urban fiction titles not yet identified.
TJ Penn,authortjpenn@gmail.com,,Game Plan,romantic suspense (Intertwined series book 1),"Started as a book blogger promoting other authors before publishing her debut, Game Plan, on 22 Nov 2016; has since released the Blessing series, Winter's End and Long Way Home.","Blogger-to-author journey is a strong, relatable spotlight story for indie readers and writers.","I came across Game Plan on Amazon and enjoyed learning that you started out as a blogger promoting other authors before publishing your own books. It's great to see how far that's come, through the Blessing series and Long Way Home.",Author Spotlight invitation: Game Plan,"Hi,

I came across Game Plan on Amazon and enjoyed learning that you started out as a blogger promoting other authors before publishing your own books. It's great to see how far that's come, through the Blessing series and Long Way Home.

I'd like to invite you to be featured in an Author Spotlight on The Author Ledger. The feature would showcase your journey as an author, the inspiration behind Game Plan, and the ideas that make your work distinctive.

A spotlight can help you:
- Introduce Game Plan to a wider audience of readers
- Strengthen your credibility and visibility as an author
- Build your author brand and online presence
- Increase awareness and exposure for your book

Our team takes care of the entire process, so it's simple and convenient from start to finish.

If you're interested, just reply to this email and I'll send over the details and next steps.

Warm regards,
James
[ADD SENDER_TITLE], The Author Ledger
[ADD WEBSITE]

--
I found your contact email on your Amazon author page. If you'd prefer not to hear from us, reply ""unsubscribe"" and we won't contact you again.
The Author Ledger · [ADD POSTAL_ADDRESS] · Privacy: [ADD PRIVACY_URL]",https://www.amazon.com/stores/author/B01MRNTSJR/about | https://www.amazon.com/Game-Plan-Intertwined-TJ-Penn/dp/1539653978 | https://www.goodreads.com/author/show/11628152.T_J_Penn,Low,Needs review,Not sent,,United States,Alabama,Tuscaloosa,"current residence (Tuscaloosa, AL) per Amazon bio",EN,amazon.com,https://www.amazon.com/stores/author/B01MRNTSJR,B01MRNTSJR,9781539653974; B01N04HLI7; B084YVN9QT; B0CGQJDX7G; B095GQGB9Z,T.J. Penn,,,amazon_snippet_unverified,Exact-email search returns her Amazon author page and multiple Amazon book listings carrying the same address; bio calls her an indie author.,Likely independent/KDP,B01MRNTSJR,US-AL-001,2026-09-25,first_name left blank: author uses initials.
Bonita Y McCoy,bonitaymccoy@yahoo.com,Bonita,Twisted Plots,Christian cozy mystery set in Alabama,"Twisted Plots (An Amy Kate Mystery #1) was the first book she ever set out to write: bookshop owner Amy Kate's friend becomes the prime suspect when a body is wheeled out of the coffee shop next door, in Pine Lake, Alabama.","A debut that grew into multiple series (Amy Kate, Sawyer Family, Billionaire romances) is a strong feature on building a catalogue.","I came across Twisted Plots on Amazon, and a cozy mystery that opens with a bookshop owner watching a body wheeled out of the coffee shop next door is a great hook. Knowing it was the first book you ever set out to write makes the story behind it even more interesting.",Author Spotlight invitation: Twisted Plots,"Hi Bonita,

I came across Twisted Plots on Amazon, and a cozy mystery that opens with a bookshop owner watching a body wheeled out of the coffee shop next door is a great hook. Knowing it was the first book you ever set out to write makes the story behind it even more interesting.

I'd like to invite you to be featured in an Author Spotlight on The Author Ledger. The feature would showcase your journey as an author, the inspiration behind Twisted Plots, and the ideas that make your work distinctive.

A spotlight can help you:
- Introduce Twisted Plots to a wider audience of readers
- Strengthen your credibility and visibility as an author
- Build your author brand and online presence
- Increase awareness and exposure for your book

Our team takes care of the entire process, so it's simple and convenient from start to finish.

If you're interested, just reply to this email and I'll send over the details and next steps.

Warm regards,
James
[ADD SENDER_TITLE], The Author Ledger
[ADD WEBSITE]

--
I found your contact email on your Amazon author page. If you'd prefer not to hear from us, reply ""unsubscribe"" and we won't contact you again.
The Author Ledger · [ADD POSTAL_ADDRESS] · Privacy: [ADD PRIVACY_URL]",https://us.amazon.com/stores/author/B07G9SK6G5/about | https://www.amazon.com/Twisted-Plots-Christian-mystery-Mystery/dp/1947523694 | https://www.goodreads.com/author/show/18188236.Bonita_Y_McCoy,Low,Needs review,Not sent,,United States,Alabama,Alabama (statewide yahoo.com query),current residence: Alabama (farm; no city given) per Amazon bio,EN,amazon.com,https://www.amazon.com/stores/author/B07G9SK6G5,B07G9SK6G5,9781947523692; B07ZQMWC5X; 9798667023326; 9781088262726,Bonita Y. McCoy,,,amazon_snippet_unverified,Amazon bio lists 'www.bonitaymccoy@yahoo.com' as reader contact; stored without the stray 'www.' prefix. Exact-email search returns the same author page.,"Amazon-listed, KDP unverified",B07G9SK6G5,US-AL-001,2026-09-25,Twisted Plots published by Winged Publications (small press); other editions self-published ISBNs.
Marissa Ann,marissaann2018@yahoo.com,Marissa,Fang's Miracle,romance with action and suspense (Wolfsbane Ridge MC),"First book published in 2018 and has released several since, with many more scheduled; writes romance mixed with action and suspense. Fang's Miracle is part of the Wolfsbane Ridge MC series; also publishes an Author Journal.",Prolific indie romance author since 2018 with multiple series fits a spotlight on steady indie growth.,"I came across Fang's Miracle and the Wolfsbane Ridge MC series on Amazon. It's impressive how many books you've released since your first one in 2018, all mixing romance with action and suspense.",Author Spotlight invitation: Fang's Miracle,"Hi Marissa,

I came across Fang's Miracle and the Wolfsbane Ridge MC series on Amazon. It's impressive how many books you've released since your first one in 2018, all mixing romance with action and suspense.

I'd like to invite you to be featured in an Author Spotlight on The Author Ledger. The feature would showcase your journey as an author, the inspiration behind Fang's Miracle, and the ideas that make your work distinctive.

A spotlight can help you:
- Introduce Fang's Miracle to a wider audience of readers
- Strengthen your credibility and visibility as an author
- Build your author brand and online presence
- Increase awareness and exposure for your book

Our team takes care of the entire process, so it's simple and convenient from start to finish.

If you're interested, just reply to this email and I'll send over the details and next steps.

Warm regards,
James
[ADD SENDER_TITLE], The Author Ledger
[ADD WEBSITE]

--
I found your contact email on your Amazon author page. If you'd prefer not to hear from us, reply ""unsubscribe"" and we won't contact you again.
The Author Ledger · [ADD POSTAL_ADDRESS] · Privacy: [ADD PRIVACY_URL]",https://www.amazon.com/stores/author/B07F3GG273 | https://www.amazon.com/Fangs-Miracle-Wolfsbane-Ridge-MC/dp/B0BNV74X36 | https://www.audible.com/author/Marissa-Ann/B07F3GG273,Low,Needs review,Not sent,,United States,Mississippi,Alabama (statewide yahoo.com query),current residence: rural North Mississippi per Amazon bio; Alabama link in search result not confirmed,EN,amazon.com,https://www.amazon.com/stores/author/B07F3GG273,B07F3GG273,9798985236033; B0915N282V,,,,amazon_snippet_unverified,Amazon bio lists 'www.marissaann2018@yahoo.com'; stored without the stray 'www.' prefix. Exact-email search returns her Amazon author page and Audible page.,Likely independent/KDP,B07F3GG273,US-AL-001,2026-09-25,Found via Alabama query but lives in Mississippi; counted under Mississippi.
